<Configuration>
	<Port>502</Port>
	<IpAddr></IpAddr>
	<Mapping>
		<InputRegisters>
			<MappingInfo>
				<AdsPort>851</AdsPort>
				<StartAddress>32768</StartAddress>
				<EndAddress>33023</EndAddress>
				<VarName>GVL_MB.mb_Input_Registers</VarName>
			</MappingInfo>
		</InputRegisters>
		<OutputRegisters>
			<MappingInfo>
				<AdsPort>851</AdsPort>
				<StartAddress>12288</StartAddress>
				<EndAddress>24575</EndAddress>
				<IndexGroup>16416</IndexGroup>
				<IndexOffset>0</IndexOffset>
			</MappingInfo><MappingInfo>
				<AdsPort>851</AdsPort>
				<StartAddress>32768</StartAddress>
				<EndAddress>33023</EndAddress>
				<VarName>GVL_MB.mb_Output_Registers</VarName>
			</MappingInfo>
		</OutputRegisters>
		<InputCoils>
			<MappingInfo>
				<AdsPort>851</AdsPort>
				<StartAddress>32768</StartAddress>
				<EndAddress>33023</EndAddress>
				<VarName>GVL_MB.mb_Input_Coils</VarName>
			</MappingInfo>
		</InputCoils>
		<OutputCoils>
			<MappingInfo>
				<AdsPort>851</AdsPort>
				<StartAddress>32768</StartAddress>
				<EndAddress>33023</EndAddress>
				<VarName>GVL_MB.mb_Output_Coils</VarName>
			</MappingInfo>
		</OutputCoils>
	</Mapping>
</Configuration>
